{
    "Mumbai": [19.054999, 72.8692035],
    "Delhi": [28.6139, 77.209],
    "Bengaluru": [12.9881567, 77.6226],
    "Chennai": [13.0836939, 80.270186],
    "Kolkata": [22.5726459, 88.3638953],
    "Hyderabad": [17.360589, 78.4740613],
    "Ahmedabad": [23.0215374, 72.5800568],
    "Pune": [18.5213738, 73.8545071],
    "Jaipur": [26.9154576, 75.8189817],
    "Lucknow": [26.8467, 80.9462],
    "Chandigarh": [30.7334421, 76.7797143],
    "Bhopal": [23.2584857, 77.401989],
    "Patna": [25.6093239, 85.1235252],
    "Ranchi": [23.3700501, 85.3250387],
    "Guwahati": [26.1805978, 91.753943],
    "Srinagar": [34.0747444, 74.8204443],
    "Thiruvananthapuram": [8.4882267, 76.947551],
    "Bhubaneswar": [20.2602964, 85.8394521],
    "Goa": [15.3004543, 74.0855134],
    "Visakhapatnam": [17.6935526, 83.2921297],
    "Andhra Pradesh": [15.9129, 79.7400],
    "Assam": [26.2006, 92.9376],
    "Bihar": [25.0961, 85.3131],
    "Chhattisgarh": [21.2787, 81.8661],
    "Gujarat": [22.2587, 71.1924],
    "Haryana": [29.0588, 76.0856],
    "Himachal Pradesh": [31.1048, 77.1734],
    "Jharkhand": [23.6102, 85.2799],
    "Karnataka": [15.3173, 75.7139],
    "Kerala": [10.8505, 76.2711],
    "Madhya Pradesh": [22.9734, 78.6569],
    "Maharashtra": [19.7515, 75.7139],
    "Manipur": [24.6637, 93.9063],
    "Meghalaya": [25.4670, 91.8800],
    "Mizoram": [23.1645, 92.9376],
    "Nagaland": [26.1584, 94.5624],
    "Odisha": [20.9517, 85.0985],
    "Punjab": [30.7333, 76.7794],
    "Rajasthan": [27.0238, 74.2179],
    "Sikkim": [27.5330, 88.5122],
    "Tamil Nadu": [11.1271, 78.6569],
    "Telangana": [18.1124, 79.0193],
    "Tripura": [23.9408, 91.9882],
    "Uttar Pradesh": [26.8467, 80.9462],
    "Uttarakhand": [30.0668, 79.0193],
    "West Bengal": [22.9868, 87.8550]
}
